[{"model": "app.ingredient", "pk": 1, "fields": {"name": "Sugar"}}, {"model": "app.ingredient", "pk": 2, "fields": {"name": "Salt"}}, {"model": "app.ingredient", "pk": 3, "fields": {"name": "Butter"}}, {"model": "app.ingredient", "pk": 4, "fields": {"name": "Olive Oil"}}, {"model": "app.ingredient", "pk": 5, "fields": {"name": "Eggs"}}, {"model": "app.ingredient", "pk": 6, "fields": {"name": "Flour"}}, {"model": "app.ingredient", "pk": 7, "fields": {"name": "Garlic"}}, {"model": "app.ingredient", "pk": 8, "fields": {"name": "Onions"}}, {"model": "app.ingredient", "pk": 9, "fields": {"name": "Milk"}}, {"model": "app.ingredient", "pk": 10, "fields": {"name": "Cheese"}}, {"model": "app.ingredient", "pk": 11, "fields": {"name": "Chicken"}}, {"model": "app.ingredient", "pk": 12, "fields": {"name": "Tomatoes"}}, {"model": "app.ingredient", "pk": 13, "fields": {"name": "Potatoes"}}, {"model": "app.ingredient", "pk": 14, "fields": {"name": "Rice"}}, {"model": "app.ingredient", "pk": 15, "fields": {"name": "Pasta"}}, {"model": "app.ingredient", "pk": 16, "fields": {"name": "Lemon"}}, {"model": "app.ingredient", "pk": 17, "fields": {"name": "Carrots"}}, {"model": "app.ingredient", "pk": 18, "fields": {"name": "Bacon"}}, {"model": "app.ingredient", "pk": 19, "fields": {"name": "Spinach"}}, {"model": "app.ingredient", "pk": 20, "fields": {"name": "Cucumber"}}, {"model": "app.ingredient", "pk": 21, "fields": {"name": "Mushrooms"}}, {"model": "app.ingredient", "pk": 22, "fields": {"name": "Cilantro"}}, {"model": "app.ingredient", "pk": 23, "fields": {"name": "Pepper"}}, {"model": "app.ingredient", "pk": 24, "fields": {"name": "Parsley"}}, {"model": "app.ingredient", "pk": 25, "fields": {"name": "Ground Beef"}}, {"model": "app.ingredient", "pk": 26, "fields": {"name": "Cabbage"}}, {"model": "app.ingredient", "pk": 27, "fields": {"name": "Zucchini"}}, {"model": "app.ingredient", "pk": 28, "fields": {"name": "Basil"}}, {"model": "app.ingredient", "pk": 29, "fields": {"name": "Thyme"}}, {"model": "app.ingredient", "pk": 30, "fields": {"name": "Oregano"}}, {"model": "app.ingredient", "pk": 31, "fields": {"name": "Chili Powder"}}, {"model": "app.ingredient", "pk": 32, "fields": {"name": "Paprika"}}, {"model": "app.ingredient", "pk": 33, "fields": {"name": "Cinnamon"}}, {"model": "app.ingredient", "pk": 34, "fields": {"name": "Rosemary"}}, {"model": "app.ingredient", "pk": 35, "fields": {"name": "Ginger"}}, {"model": "app.ingredient", "pk": 36, "fields": {"name": "Coconut Milk"}}, {"model": "app.ingredient", "pk": 37, "fields": {"name": "Peas"}}, {"model": "app.ingredient", "pk": 38, "fields": {"name": "Bell Peppers"}}, {"model": "app.ingredient", "pk": 39, "fields": {"name": "Avocados"}}, {"model": "app.ingredient", "pk": 40, "fields": {"name": "Soy Sauce"}}, {"model": "app.ingredient", "pk": 41, "fields": {"name": "Yogurt"}}, {"model": "app.ingredient", "pk": 42, "fields": {"name": "Tomato Paste"}}, {"model": "app.ingredient", "pk": 43, "fields": {"name": "Tuna"}}, {"model": "app.ingredient", "pk": 44, "fields": {"name": "Almonds"}}, {"model": "app.ingredient", "pk": 45, "fields": {"name": "Walnuts"}}, {"model": "app.ingredient", "pk": 46, "fields": {"name": "Chickpeas"}}, {"model": "app.ingredient", "pk": 47, "fields": {"name": "Lentils"}}, {"model": "app.ingredient", "pk": 48, "fields": {"name": "Green Beans"}}, {"model": "app.ingredient", "pk": 49, "fields": {"name": "Corn"}}, {"model": "app.ingredient", "pk": 50, "fields": {"name": "Apples"}}, {"model": "app.ingredient", "pk": 51, "fields": {"name": "Cauliflower"}}, {"model": "app.ingredient", "pk": 52, "fields": {"name": "Broccoli"}}, {"model": "app.ingredient", "pk": 53, "fields": {"name": "Raisins"}}, {"model": "app.ingredient", "pk": 54, "fields": {"name": "Mango"}}, {"model": "app.ingredient", "pk": 55, "fields": {"name": "Bananas"}}, {"model": "app.ingredient", "pk": 56, "fields": {"name": "Pineapple"}}, {"model": "app.ingredient", "pk": 57, "fields": {"name": "Strawberries"}}, {"model": "app.ingredient", "pk": 58, "fields": {"name": "Blueberries"}}, {"model": "app.ingredient", "pk": 59, "fields": {"name": "Blackberries"}}, {"model": "app.ingredient", "pk": 60, "fields": {"name": "Oranges"}}, {"model": "app.ingredient", "pk": 61, "fields": {"name": "Grapes"}}, {"model": "app.ingredient", "pk": 62, "fields": {"name": "Caramel"}}, {"model": "app.ingredient", "pk": 63, "fields": {"name": "Maple Syrup"}}, {"model": "app.ingredient", "pk": 64, "fields": {"name": "Vinegar"}}, {"model": "app.ingredient", "pk": 65, "fields": {"name": "Coconut Oil"}}, {"model": "app.ingredient", "pk": 66, "fields": {"name": "Sesame Oil"}}, {"model": "app.ingredient", "pk": 67, "fields": {"name": "Cornstarch"}}, {"model": "app.ingredient", "pk": 68, "fields": {"name": "Baking Soda"}}, {"model": "app.ingredient", "pk": 69, "fields": {"name": "Baking Powder"}}, {"model": "app.ingredient", "pk": 70, "fields": {"name": "Vanilla Extract"}}, {"model": "app.ingredient", "pk": 71, "fields": {"name": "Honey"}}, {"model": "app.ingredient", "pk": 72, "fields": {"name": "Mustard"}}, {"model": "app.ingredient", "pk": 73, "fields": {"name": "Ketchup"}}, {"model": "app.ingredient", "pk": 74, "fields": {"name": "Worcestershire Sauce"}}, {"model": "app.ingredient", "pk": 75, "fields": {"name": "Mayonnaise"}}, {"model": "app.ingredient", "pk": 76, "fields": {"name": "Hot Sauce"}}, {"model": "app.ingredient", "pk": 77, "fields": {"name": "Tartar Sauce"}}, {"model": "app.ingredient", "pk": 78, "fields": {"name": "Pickles"}}, {"model": "app.ingredient", "pk": 79, "fields": {"name": "Tomato Sauce"}}, {"model": "app.ingredient", "pk": 80, "fields": {"name": "Red Wine"}}, {"model": "app.ingredient", "pk": 81, "fields": {"name": "White Wine"}}, {"model": "app.ingredient", "pk": 82, "fields": {"name": "Beer"}}, {"model": "app.ingredient", "pk": 83, "fields": {"name": "Margarita Mix"}}, {"model": "app.ingredient", "pk": 84, "fields": {"name": "Cranberry Sauce"}}, {"model": "app.ingredient", "pk": 85, "fields": {"name": "Peanut Butter"}}, {"model": "app.ingredient", "pk": 86, "fields": {"name": "Jam"}}, {"model": "app.ingredient", "pk": 87, "fields": {"name": "Pine Nuts"}}, {"model": "app.ingredient", "pk": 88, "fields": {"name": "Sesame Seeds"}}, {"model": "app.ingredient", "pk": 89, "fields": {"name": "Pumpkin Seeds"}}, {"model": "app.ingredient", "pk": 90, "fields": {"name": "Sunflower Seeds"}}, {"model": "app.ingredient", "pk": 91, "fields": {"name": "Chia Seeds"}}, {"model": "app.ingredient", "pk": 92, "fields": {"name": "Flax Seeds"}}, {"model": "app.ingredient", "pk": 93, "fields": {"name": "Almond Butter"}}, {"model": "app.ingredient", "pk": 94, "fields": {"name": "Cashew Butter"}}, {"model": "app.ingredient", "pk": 95, "fields": {"name": "Cream Cheese"}}, {"model": "app.ingredient", "pk": 96, "fields": {"name": "Ricotta Cheese"}}, {"model": "app.ingredient", "pk": 97, "fields": {"name": "Parmesan Cheese"}}, {"model": "app.ingredient", "pk": 98, "fields": {"name": "Feta Cheese"}}, {"model": "app.ingredient", "pk": 99, "fields": {"name": "Mozzarella"}}, {"model": "app.ingredient", "pk": 100, "fields": {"name": "Cheddar Cheese"}}, {"model": "app.ingredient", "pk": 101, "fields": {"name": "Cottage Cheese"}}, {"model": "app.ingredient", "pk": 102, "fields": {"name": "Brie Cheese"}}, {"model": "app.ingredient", "pk": 103, "fields": {"name": "Goat Cheese"}}, {"model": "app.ingredient", "pk": 104, "fields": {"name": "Swiss Cheese"}}, {"model": "app.ingredient", "pk": 105, "fields": {"name": "Gruyere Cheese"}}, {"model": "app.ingredient", "pk": 106, "fields": {"name": "Cream"}}, {"model": "app.ingredient", "pk": 107, "fields": {"name": "Sour Cream"}}, {"model": "app.ingredient", "pk": 108, "fields": {"name": "Tofu"}}, {"model": "app.ingredient", "pk": 109, "fields": {"name": "Tempeh"}}, {"model": "app.ingredient", "pk": 110, "fields": {"name": "Seitan"}}, {"model": "app.ingredient", "pk": 111, "fields": {"name": "Chicken Broth"}}, {"model": "app.ingredient", "pk": 112, "fields": {"name": "Beef Broth"}}, {"model": "app.ingredient", "pk": 113, "fields": {"name": "Vegetable Broth"}}, {"model": "app.ingredient", "pk": 114, "fields": {"name": "Coconut Yogurt"}}, {"model": "app.ingredient", "pk": 115, "fields": {"name": "Frozen Yogurt"}}, {"model": "app.ingredient", "pk": 116, "fields": {"name": "Eggplant"}}, {"model": "app.ingredient", "pk": 117, "fields": {"name": "Artichokes"}}, {"model": "app.ingredient", "pk": 118, "fields": {"name": "Asparagus"}}, {"model": "app.ingredient", "pk": 119, "fields": {"name": "Leeks"}}, {"model": "app.ingredient", "pk": 120, "fields": {"name": "Radishes"}}, {"model": "app.ingredient", "pk": 121, "fields": {"name": "Celery"}}, {"model": "app.ingredient", "pk": 122, "fields": {"name": "Fennel"}}, {"model": "app.ingredient", "pk": 123, "fields": {"name": "Chard"}}, {"model": "app.ingredient", "pk": 124, "fields": {"name": "Kale"}}, {"model": "app.ingredient", "pk": 125, "fields": {"name": "Swiss Chard"}}, {"model": "app.ingredient", "pk": 126, "fields": {"name": "Collard Greens"}}, {"model": "app.ingredient", "pk": 127, "fields": {"name": "Mustard Greens"}}, {"model": "app.ingredient", "pk": 128, "fields": {"name": "Watercress"}}, {"model": "app.ingredient", "pk": 129, "fields": {"name": "Arugula"}}, {"model": "app.ingredient", "pk": 130, "fields": {"name": "Endive"}}, {"model": "app.ingredient", "pk": 131, "fields": {"name": "Brussels Sprouts"}}, {"model": "app.ingredient", "pk": 132, "fields": {"name": "Kohlrabi"}}, {"model": "app.ingredient", "pk": 133, "fields": {"name": "Squash"}}, {"model": "app.ingredient", "pk": 134, "fields": {"name": "Butternut Squash"}}, {"model": "app.ingredient", "pk": 135, "fields": {"name": "Acorn Squash"}}, {"model": "app.ingredient", "pk": 136, "fields": {"name": "Spaghetti Squash"}}, {"model": "app.ingredient", "pk": 137, "fields": {"name": "Sweet Potatoes"}}, {"model": "app.ingredient", "pk": 138, "fields": {"name": "Yams"}}, {"model": "app.ingredient", "pk": 139, "fields": {"name": "Jalapenos"}}, {"model": "app.ingredient", "pk": 140, "fields": {"name": "Cayenne Pepper"}}, {"model": "app.ingredient", "pk": 141, "fields": {"name": "Sriracha"}}, {"model": "app.ingredient", "pk": 142, "fields": {"name": "Taco Seasoning"}}, {"model": "app.ingredient", "pk": 143, "fields": {"name": "Cumin"}}, {"model": "app.ingredient", "pk": 144, "fields": {"name": "Curry Powder"}}, {"model": "app.ingredient", "pk": 145, "fields": {"name": "Cilantro Paste"}}, {"model": "app.ingredient", "pk": 146, "fields": {"name": "Curry Leaves"}}, {"model": "app.ingredient", "pk": 147, "fields": {"name": "Mint"}}, {"model": "app.ingredient", "pk": 148, "fields": {"name": "Tarragon"}}, {"model": "app.ingredient", "pk": 149, "fields": {"name": "Marjoram"}}, {"model": "app.ingredient", "pk": 150, "fields": {"name": "Dill"}}, {"model": "app.ingredient", "pk": 151, "fields": {"name": "Fennel Seeds"}}, {"model": "app.ingredient", "pk": 152, "fields": {"name": "Caraway Seeds"}}, {"model": "app.ingredient", "pk": 153, "fields": {"name": "Turmeric"}}, {"model": "app.ingredient", "pk": 154, "fields": {"name": "Nutmeg"}}, {"model": "app.ingredient", "pk": 155, "fields": {"name": "Cloves"}}, {"model": "app.ingredient", "pk": 156, "fields": {"name": "Allspice"}}, {"model": "app.ingredient", "pk": 157, "fields": {"name": "Star Anise"}}, {"model": "app.ingredient", "pk": 158, "fields": {"name": "Saffron"}}, {"model": "app.ingredient", "pk": 159, "fields": {"name": "Lemon Zest"}}, {"model": "app.ingredient", "pk": 160, "fields": {"name": "Lime Zest"}}, {"model": "app.ingredient", "pk": 161, "fields": {"name": "Lemon Juice"}}, {"model": "app.ingredient", "pk": 162, "fields": {"name": "Lime Juice"}}, {"model": "app.ingredient", "pk": 163, "fields": {"name": "Orange Juice"}}, {"model": "app.ingredient", "pk": 164, "fields": {"name": "Grapefruit Juice"}}, {"model": "app.ingredient", "pk": 165, "fields": {"name": "Pomegranate Juice"}}, {"model": "app.ingredient", "pk": 166, "fields": {"name": "Apple Cider Vinegar"}}, {"model": "app.ingredient", "pk": 167, "fields": {"name": "White Wine Vinegar"}}, {"model": "app.ingredient", "pk": 168, "fields": {"name": "Red Wine Vinegar"}}, {"model": "app.ingredient", "pk": 169, "fields": {"name": "Rice Vinegar"}}, {"model": "app.ingredient", "pk": 170, "fields": {"name": "Balsamic Vinegar"}}, {"model": "app.ingredient", "pk": 171, "fields": {"name": "Coconut Vinegar"}}, {"model": "app.ingredient", "pk": 172, "fields": {"name": "Miso"}}, {"model": "app.ingredient", "pk": 173, "fields": {"name": "Tamari"}}, {"model": "app.ingredient", "pk": 174, "fields": {"name": "Liquid Aminos"}}, {"model": "app.ingredient", "pk": 175, "fields": {"name": "Molasses"}}, {"model": "app.ingredient", "pk": 176, "fields": {"name": "Agave Syrup"}}, {"model": "app.ingredient", "pk": 177, "fields": {"name": "Stevia"}}, {"model": "app.ingredient", "pk": 178, "fields": {"name": "Xylitol"}}, {"model": "app.ingredient", "pk": 179, "fields": {"name": "Monk Fruit"}}, {"model": "app.ingredient", "pk": 180, "fields": {"name": "Brown Sugar"}}, {"model": "app.ingredient", "pk": 181, "fields": {"name": "Powdered Sugar"}}, {"model": "app.ingredient", "pk": 182, "fields": {"name": "Confectioners Sugar"}}, {"model": "app.ingredient", "pk": 183, "fields": {"name": "Corn Syrup"}}, {"model": "app.ingredient", "pk": 184, "fields": {"name": "Cornmeal"}}, {"model": "app.ingredient", "pk": 185, "fields": {"name": "Semolina"}}, {"model": "app.ingredient", "pk": 186, "fields": {"name": "Amaranth"}}, {"model": "app.ingredient", "pk": 187, "fields": {"name": "Quinoa"}}, {"model": "app.ingredient", "pk": 188, "fields": {"name": "Oats"}}, {"model": "app.ingredient", "pk": 189, "fields": {"name": "Barley"}}, {"model": "app.ingredient", "pk": 190, "fields": {"name": "Spelt"}}, {"model": "app.ingredient", "pk": 191, "fields": {"name": "Millet"}}, {"model": "app.ingredient", "pk": 192, "fields": {"name": "Buckwheat"}}, {"model": "app.ingredient", "pk": 193, "fields": {"name": "Teff"}}, {"model": "app.ingredient", "pk": 194, "fields": {"name": "Farro"}}, {"model": "app.ingredient", "pk": 195, "fields": {"name": "Freekeh"}}, {"model": "app.ingredient", "pk": 196, "fields": {"name": "Polenta"}}, {"model": "app.ingredient", "pk": 197, "fields": {"name": "Rice Noodles"}}, {"model": "app.ingredient", "pk": 198, "fields": {"name": "Soba Noodles"}}, {"model": "app.ingredient", "pk": 199, "fields": {"name": "Udon Noodles"}}, {"model": "app.ingredient", "pk": 200, "fields": {"name": "Ramen Noodles"}}, {"model": "app.ingredient", "pk": 201, "fields": {"name": "Egg Noodles"}}, {"model": "app.ingredient", "pk": 202, "fields": {"name": "Couscous"}}, {"model": "app.ingredient", "pk": 203, "fields": {"name": "Orzo"}}, {"model": "app.ingredient", "pk": 204, "fields": {"name": "Bulgur Wheat"}}, {"model": "app.ingredient", "pk": 205, "fields": {"name": "Linguine"}}, {"model": "app.ingredient", "pk": 206, "fields": {"name": "Fusilli"}}, {"model": "app.ingredient", "pk": 207, "fields": {"name": "Rotini"}}, {"model": "app.ingredient", "pk": 208, "fields": {"name": "Penne"}}, {"model": "app.ingredient", "pk": 209, "fields": {"name": "Rigatoni"}}, {"model": "app.ingredient", "pk": 210, "fields": {"name": "Lasagna Sheets"}}, {"model": "app.ingredient", "pk": 211, "fields": {"name": "Fettuccine"}}, {"model": "app.ingredient", "pk": 212, "fields": {"name": "Macaroni"}}, {"model": "app.ingredient", "pk": 213, "fields": {"name": "Tortellini"}}, {"model": "app.ingredient", "pk": 214, "fields": {"name": "Ravioli"}}, {"model": "app.ingredient", "pk": 215, "fields": {"name": "Gnocchi"}}, {"model": "app.ingredient", "pk": 216, "fields": {"name": "Pierogi"}}, {"model": "app.ingredient", "pk": 217, "fields": {"name": "Tortillas"}}, {"model": "app.ingredient", "pk": 218, "fields": {"name": "Pita Bread"}}, {"model": "app.ingredient", "pk": 219, "fields": {"name": "Naan"}}, {"model": "app.ingredient", "pk": 220, "fields": {"name": "Baguette"}}, {"model": "app.ingredient", "pk": 221, "fields": {"name": "Ciabatta"}}, {"model": "app.ingredient", "pk": 222, "fields": {"name": "Focaccia"}}, {"model": "app.ingredient", "pk": 223, "fields": {"name": "Rye Bread"}}, {"model": "app.ingredient", "pk": 224, "fields": {"name": "Whole Wheat Bread"}}, {"model": "app.ingredient", "pk": 225, "fields": {"name": "Gluten-Free Bread"}}, {"model": "app.ingredient", "pk": 226, "fields": {"name": "Bagels"}}, {"model": "app.ingredient", "pk": 227, "fields": {"name": "Muffins"}}, {"model": "app.ingredient", "pk": 228, "fields": {"name": "Croissants"}}, {"model": "app.ingredient", "pk": 229, "fields": {"name": "Pancakes"}}, {"model": "app.ingredient", "pk": 230, "fields": {"name": "Waffles"}}, {"model": "app.ingredient", "pk": 231, "fields": {"name": "English Muffins"}}, {"model": "app.ingredient", "pk": 232, "fields": {"name": "Granola"}}, {"model": "app.ingredient", "pk": 233, "fields": {"name": "Cereal"}}, {"model": "app.ingredient", "pk": 234, "fields": {"name": "Crackers"}}, {"model": "app.ingredient", "pk": 235, "fields": {"name": "Pretzels"}}, {"model": "app.ingredient", "pk": 236, "fields": {"name": "Popcorn"}}, {"model": "app.ingredient", "pk": 237, "fields": {"name": "Chips"}}, {"model": "app.ingredient", "pk": 238, "fields": {"name": "Tortilla Chips"}}, {"model": "app.ingredient", "pk": 239, "fields": {"name": "Crisps"}}, {"model": "app.ingredient", "pk": 240, "fields": {"name": "Rice Cakes"}}, {"model": "app.ingredient", "pk": 241, "fields": {"name": "Tomato"}}, {"model": "app.ingredient", "pk": 242, "fields": {"name": "Onion"}}, {"model": "app.ingredient", "pk": 243, "fields": {"name": "Olive oil"}}, {"model": "app.ingredient", "pk": 244, "fields": {"name": "Chicken breast"}}, {"model": "app.ingredient", "pk": 245, "fields": {"name": "Carrot"}}, {"model": "app.unit", "pk": 1, "fields": {"name": "grams"}}, {"model": "app.unit", "pk": 2, "fields": {"name": "milliliters"}}, {"model": "app.unit", "pk": 3, "fields": {"name": "tablespoons"}}, {"model": "app.unit", "pk": 4, "fields": {"name": "teaspoons"}}, {"model": "app.unit", "pk": 5, "fields": {"name": "cups"}}, {"model": "app.unit", "pk": 6, "fields": {"name": "oz"}}, {"model": "app.unit", "pk": 7, "fields": {"name": "pounds"}}, {"model": "app.unit", "pk": 8, "fields": {"name": "liters"}}, {"model": "app.unit", "pk": 9, "fields": {"name": "each"}}, {"model": "app.recipeingredient", "pk": 1, "fields": {"recipe": 2, "ingredient": 5, "quantity": "4.00", "unit": 9}}, {"model": "app.recipeingredient", "pk": 2, "fields": {"recipe": 2, "ingredient": 19, "quantity": "0.50", "unit": 5}}, {"model": "app.recipeingredient", "pk": 3, "fields": {"recipe": 2, "ingredient": 12, "quantity": "4.00", "unit": 9}}, {"model": "app.recipeingredient", "pk": 5, "fields": {"recipe": 5, "ingredient": 16, "quantity": "2.00", "unit": 1}}, {"model": "app.recipeingredient", "pk": 6, "fields": {"recipe": 6, "ingredient": 4, "quantity": "1.00", "unit": 3}}, {"model": "app.recipeingredient", "pk": 7, "fields": {"recipe": 7, "ingredient": 6, "quantity": "1.00", "unit": 5}}, {"model": "app.recipeingredient", "pk": 8, "fields": {"recipe": 8, "ingredient": 3, "quantity": "1.00", "unit": 8}}, {"model": "app.recipeingredient", "pk": 9, "fields": {"recipe": 9, "ingredient": 11, "quantity": "4.00", "unit": 7}}, {"model": "app.recipeingredient", "pk": 10, "fields": {"recipe": 10, "ingredient": 5, "quantity": "8.00", "unit": 9}}, {"model": "app.cuisine", "pk": 1, "fields": {"name": "Asian"}}, {"model": "app.cuisine", "pk": 2, "fields": {"name": "Italian"}}, {"model": "app.cuisine", "pk": 3, "fields": {"name": "Chinese"}}, {"model": "app.cuisine", "pk": 4, "fields": {"name": "French"}}, {"model": "app.cuisine", "pk": 5, "fields": {"name": "American"}}, {"model": "app.cuisine", "pk": 6, "fields": {"name": "Indian"}}, {"model": "app.cuisine", "pk": 7, "fields": {"name": "Mexican"}}, {"model": "app.rating", "pk": 4, "fields": {"user": 1, "value": 5, "recipe": 7}}, {"model": "app.rating", "pk": 5, "fields": {"user": 1, "value": 4, "recipe": 6}}, {"model": "app.rating", "pk": 6, "fields": {"user": 1, "value": 3, "recipe": 5}}, {"model": "app.rating", "pk": 7, "fields": {"user": 1, "value": 3, "recipe": 10}}, {"model": "app.rating", "pk": 8, "fields": {"user": 1, "value": 3, "recipe": 9}}, {"model": "app.tag", "pk": 1, "fields": {"name": "Healthy"}}, {"model": "app.tag", "pk": 2, "fields": {"name": "Vegan"}}, {"model": "app.tag", "pk": 3, "fields": {"name": "Gluten-Free"}}, {"model": "app.tag", "pk": 4, "fields": {"name": "Quick"}}, {"model": "app.tag", "pk": 6, "fields": {"name": "Dessert"}}, {"model": "app.tag", "pk": 7, "fields": {"name": "Vegetarian"}}, {"model": "app.tag", "pk": 9, "fields": {"name": "High-protein"}}, {"model": "app.tag", "pk": 10, "fields": {"name": "Spicy"}}, {"model": "app.tag", "pk": 11, "fields": {"name": "Low-Carb"}}, {"model": "app.mealtype", "pk": 1, "fields": {"name": "Breakfast", "meal_order": 1}}, {"model": "app.mealtype", "pk": 2, "fields": {"name": "Lunch", "meal_order": 2}}, {"model": "app.mealtype", "pk": 3, "fields": {"name": "Dinner", "meal_order": 3}}, {"model": "app.recipe", "pk": 2, "fields": {"user": 1, "name": "Omelette", "description": "D", "instructions": "I", "servings": 4, "cook_time": 10, "prep_time": 10, "image": "images/09/03/25/omelette-spinach-tomato_YP17Upn.jpg", "image_alt_text": "Omelette with spinach and tomatoes", "created_at": "2025-03-09T06:40:56.542Z", "schema": {"@context": "http://schema.org", "@type": "Recipe", "author": " ", "name": "Omelette", "recipeCuisine": null, "description": "D", "recipeInstructions": ["I"], "recipeYield": 4, "cookTime": "PT10M", "prepTime": "PT10M", "image": "/media/images/09/03/25/omelette-spinach-tomato_YP17Upn.jpg", "dateCreated": "2025-03-09 06:40:56.542549+00:00"}, "cuisine": [5], "ratings": [], "ingredients": [], "meal_type": [1, 2, 3], "tags": [1, 4, 7]}}, {"model": "app.recipe", "pk": 5, "fields": {"user": 1, "name": "Lamb Cutlets", "description": "<p><strong>asdasda</strong></p>", "instructions": "<ol><li data-list=\"bullet\"><span class=\"ql-ui\" contenteditable=\"false\"></span>asdasdas</li></ol>", "servings": 2, "cook_time": 45, "prep_time": 10, "image": "images/09/03/25/lamb.jpg", "image_alt_text": "Lamb cutlets", "created_at": "2025-03-09T07:01:31.509Z", "schema": {"@context": "http://schema.org", "@type": "Recipe", "author": " ", "name": "Lamb Cutlets", "description": "asdas", "recipeInstructions": ["asdasd"], "recipeYield": 2, "cookTime": "PT45M", "prepTime": "PT10M", "image": "/media/images/09/03/25/lamb.jpg", "dateCreated": "2025-03-09 07:01:31.509135+00:00"}, "cuisine": [5], "ratings": [6], "ingredients": [], "meal_type": [2, 3], "tags": [9, 11]}}, {"model": "app.recipe", "pk": 6, "fields": {"user": 1, "name": "Greek Salad", "description": "<p>asdsadsadsaasd</p>", "instructions": "<p><br></p>", "servings": 4, "cook_time": 1, "prep_time": 15, "image": "images/09/03/25/greek-salad.jpg", "image_alt_text": "Greek salad", "created_at": "2025-03-09T07:02:29.574Z", "schema": {"@context": "http://schema.org", "@type": "Recipe", "author": " ", "name": "Greek Salad", "description": "D", "recipeInstructions": ["s"], "recipeYield": 4, "cookTime": "PT1M", "prepTime": "PT15M", "image": "/media/images/09/03/25/greek-salad.jpg", "dateCreated": "2025-03-09 07:02:29.574796+00:00"}, "cuisine": [5], "ratings": [5], "ingredients": [], "meal_type": [2, 3], "tags": [1, 4, 7, 11]}}, {"model": "app.recipe", "pk": 7, "fields": {"user": 1, "name": "Cherry-Glazed Chocolate Cake", "description": "<p>as</p>", "instructions": "<p>asdas</p>", "servings": 8, "cook_time": 60, "prep_time": 30, "image": "images/09/03/25/cherry-chocolate-cake.jpg", "image_alt_text": "Cherry-glazed chocolate cake", "created_at": "2025-03-09T07:03:56.229Z", "schema": {"@context": "http://schema.org", "@type": "Recipe", "author": " ", "name": "Cherry-Glazed Chocolate Cake", "description": "D", "recipeInstructions": ["I"], "recipeYield": 8, "cookTime": "PT60M", "prepTime": "PT30M", "image": "/media/images/09/03/25/cherry-chocolate-cake.jpg", "dateCreated": "2025-03-09 07:03:56.229232+00:00"}, "cuisine": [5], "ratings": [4], "ingredients": [], "meal_type": [3], "tags": [6]}}, {"model": "app.recipe", "pk": 8, "fields": {"user": 1, "name": "Chocolate Chip Cookies", "description": "<p>New description</p>", "instructions": "<ol><li data-list=\"ordered\"><span class=\"ql-ui\" contenteditable=\"false\"></span>Instructions</li></ol>", "servings": 12, "cook_time": 30, "prep_time": 15, "image": "", "image_alt_text": "Chocolate chip cookies", "created_at": "2025-03-09T07:04:23.500Z", "schema": {"@context": "http://schema.org", "@type": "Recipe", "author": " ", "name": "Chocolate Chip Cookies", "description": "d", "recipeInstructions": ["i"], "recipeYield": 12, "cookTime": "PT30M", "prepTime": "PT15M", "image": "", "dateCreated": "2025-03-09 07:04:23.500510+00:00"}, "cuisine": [5], "ratings": [], "ingredients": [], "meal_type": [3], "tags": [6]}}, {"model": "app.recipe", "pk": 9, "fields": {"user": 1, "name": "Grilled Chicken Wings", "description": "<p>adasasdsa</p>", "instructions": "<ol><li data-list=\"ordered\"><span class=\"ql-ui\" contenteditable=\"false\"></span>asdasdasd</li></ol>", "servings": 12, "cook_time": 30, "prep_time": 10, "image": "images/09/03/25/grilled-chicken-wings.jpg", "image_alt_text": "Grilled chicken wings", "created_at": "2025-03-09T07:04:59.546Z", "schema": {"@context": "http://schema.org", "@type": "Recipe", "author": " ", "name": "Grilled Chicken Wings", "description": "d", "recipeInstructions": ["i"], "recipeYield": 12, "cookTime": "PT30M", "prepTime": "PT10M", "image": "/media/images/09/03/25/grilled-chicken-wings.jpg", "dateCreated": "2025-03-09 07:04:59.546617+00:00"}, "cuisine": [5], "ratings": [8], "ingredients": [], "meal_type": [2, 3], "tags": []}}, {"model": "app.recipe", "pk": 10, "fields": {"user": 1, "name": "Shakshuka", "description": "<p>\\u003Cp\\u003EShakshuka is a Middle Eastern dish of poached eggs in a flavorful tomato sauce with onions, peppers, garlic, and spices like cumin and paprika. It\\u0027s often served with crusty bread for dipping and enjoyed for breakfast or brunch.\\u003C/p\\u003E</p>", "instructions": "<p>\\u003Col\\u003E\\u003Cli data\\u002Dlist\\u003D\\u0022ordered\\u0022\\u003E\\u003Cspan class\\u003D\\u0022ql\\u002Dui\\u0022 contenteditable\\u003D\\u0022false\\u0022\\u003E\\u003C/span\\u003E\\u003Cstrong\\u003ECook the veggies\\u003C/strong\\u003E: Heat olive oil in a large skillet over medium heat. Add the onion and bell pepper, cooking until softened (about 5\\u002D7 minutes). Add garlic and cook for another minute.\\u003C/li\\u003E\\u003Cli data\\u002Dlist\\u003D\\u0022ordered\\u0022\\u003E\\u003Cspan class\\u003D\\u0022ql\\u002Dui\\u0022 contenteditable\\u003D\\u0022false\\u0022\\u003E\\u003C/span\\u003E\\u003Cstrong\\u003EMake the sauce\\u003C/strong\\u003E: Stir in the diced tomatoes, cumin, paprika, chili flakes, salt, and pepper. Simmer for 10\\u002D15 minutes until the sauce thickens.\\u003C/li\\u003E\\u003Cli data\\u002Dlist\\u003D\\u0022ordered\\u0022\\u003E\\u003Cspan class\\u003D\\u0022ql\\u002Dui\\u0022 contenteditable\\u003D\\u0022false\\u0022\\u003E\\u003C/span\\u003E\\u003Cstrong\\u003EPoach the eggs\\u003C/strong\\u003E: Make small wells in the sauce with a spoon. Crack the eggs into each well. Cover the skillet and cook for 5\\u002D7 minutes, or until the eggs are cooked to your desired doneness.\\u003C/li\\u003E\\u003Cli data\\u002Dlist\\u003D\\u0022ordered\\u0022\\u003E\\u003Cspan class\\u003D\\u0022ql\\u002Dui\\u0022 contenteditable\\u003D\\u0022false\\u0022\\u003E\\u003C/span\\u003E\\u003Cstrong\\u003EGarnish and serve\\u003C/strong\\u003E: Sprinkle with fresh herbs and serve with crusty bread for dipping.\\u003C/li\\u003E\\u003C/ol\\u003E</p>", "servings": 12, "cook_time": 30, "prep_time": 10, "image": "images/09/03/25/shakshuka.jpg", "image_alt_text": "Shakshuka", "created_at": "2025-03-09T07:06:05.742Z", "schema": {"@context": "http://schema.org", "@type": "Recipe", "author": " ", "name": "Shakshuka", "description": "d", "recipeInstructions": ["i"], "recipeYield": 12, "cookTime": "PT30M", "prepTime": "PT10M", "image": "/media/images/09/03/25/shakshuka.jpg", "dateCreated": "2025-03-09 07:06:05.742210+00:00"}, "cuisine": [5], "ratings": [7], "ingredients": [], "meal_type": [1, 2, 3], "tags": [1, 4, 7]}}, {"model": "app.favourites", "pk": 11, "fields": {"user": 1, "recipe": 10, "added_at": "2025-03-12T01:25:57.423Z"}}, {"model": "admin.logentry", "pk": 1, "fields": {"action_time": "2025-03-05T09:50:55.654Z", "user": 1, "content_type": 7, "object_id": "2", "object_repr": "Recipe 2", "action_flag": 2, "change_message": "[{\"changed\": {\"fields\": [\"Ingredients\", \"Image\"]}}]"}}, {"model": "admin.logentry", "pk": 2, "fields": {"action_time": "2025-03-07T07:47:20.771Z", "user": 1, "content_type": 7, "object_id": "16", "object_repr": "14", "action_flag": 3, "change_message": ""}}, {"model": "admin.logentry", "pk": 3, "fields": {"action_time": "2025-03-07T07:47:20.771Z", "user": 1, "content_type": 7, "object_id": "15", "object_repr": "14", "action_flag": 3, "change_message": ""}}, {"model": "admin.logentry", "pk": 4, "fields": {"action_time": "2025-03-07T08:41:50.348Z", "user": 1, "content_type": 7, "object_id": "21", "object_repr": "1", "action_flag": 3, "change_message": ""}}, {"model": "admin.logentry", "pk": 5, "fields": {"action_time": "2025-03-07T08:41:50.348Z", "user": 1, "content_type": 7, "object_id": "17", "object_repr": "13", "action_flag": 3, "change_message": ""}}, {"model": "admin.logentry", "pk": 6, "fields": {"action_time": "2025-03-07T08:41:50.348Z", "user": 1, "content_type": 7, "object_id": "14", "object_repr": "134", "action_flag": 3, "change_message": ""}}, {"model": "admin.logentry", "pk": 7, "fields": {"action_time": "2025-03-07T08:41:50.348Z", "user": 1, "content_type": 7, "object_id": "18", "object_repr": "15", "action_flag": 3, "change_message": ""}}, {"model": "admin.logentry", "pk": 8, "fields": {"action_time": "2025-03-07T08:41:50.348Z", "user": 1, "content_type": 7, "object_id": "1", "object_repr": "1asdasdasd", "action_flag": 3, "change_message": ""}}, {"model": "admin.logentry", "pk": 9, "fields": {"action_time": "2025-03-07T08:41:50.348Z", "user": 1, "content_type": 7, "object_id": "23", "object_repr": "2", "action_flag": 3, "change_message": ""}}, {"model": "admin.logentry", "pk": 10, "fields": {"action_time": "2025-03-07T08:41:50.348Z", "user": 1, "content_type": 7, "object_id": "20", "object_repr": "3", "action_flag": 3, "change_message": ""}}, {"model": "admin.logentry", "pk": 11, "fields": {"action_time": "2025-03-07T08:41:50.348Z", "user": 1, "content_type": 7, "object_id": "10", "object_repr": "Recipe 10", "action_flag": 3, "change_message": ""}}, {"model": "admin.logentry", "pk": 12, "fields": {"action_time": "2025-03-07T08:41:50.348Z", "user": 1, "content_type": 7, "object_id": "12", "object_repr": "Recipe 12", "action_flag": 3, "change_message": ""}}, {"model": "admin.logentry", "pk": 13, "fields": {"action_time": "2025-03-07T08:41:50.348Z", "user": 1, "content_type": 7, "object_id": "13", "object_repr": "Recipe 13", "action_flag": 3, "change_message": ""}}, {"model": "admin.logentry", "pk": 14, "fields": {"action_time": "2025-03-07T08:41:50.348Z", "user": 1, "content_type": 7, "object_id": "2", "object_repr": "Recipe 2", "action_flag": 3, "change_message": ""}}, {"model": "admin.logentry", "pk": 15, "fields": {"action_time": "2025-03-07T08:41:50.348Z", "user": 1, "content_type": 7, "object_id": "3", "object_repr": "Recipe 3", "action_flag": 3, "change_message": ""}}, {"model": "admin.logentry", "pk": 16, "fields": {"action_time": "2025-03-07T08:41:50.348Z", "user": 1, "content_type": 7, "object_id": "4", "object_repr": "Recipe 4", "action_flag": 3, "change_message": ""}}, {"model": "admin.logentry", "pk": 17, "fields": {"action_time": "2025-03-07T08:41:50.348Z", "user": 1, "content_type": 7, "object_id": "5", "object_repr": "Recipe 5", "action_flag": 3, "change_message": ""}}, {"model": "admin.logentry", "pk": 18, "fields": {"action_time": "2025-03-07T08:41:50.348Z", "user": 1, "content_type": 7, "object_id": "6", "object_repr": "Recipe 6", "action_flag": 3, "change_message": ""}}, {"model": "admin.logentry", "pk": 19, "fields": {"action_time": "2025-03-07T08:41:50.348Z", "user": 1, "content_type": 7, "object_id": "7", "object_repr": "Recipe 7", "action_flag": 3, "change_message": ""}}, {"model": "admin.logentry", "pk": 20, "fields": {"action_time": "2025-03-07T08:41:50.348Z", "user": 1, "content_type": 7, "object_id": "8", "object_repr": "Recipe 8", "action_flag": 3, "change_message": ""}}, {"model": "admin.logentry", "pk": 21, "fields": {"action_time": "2025-03-07T08:41:50.348Z", "user": 1, "content_type": 7, "object_id": "9", "object_repr": "Recipe 9", "action_flag": 3, "change_message": ""}}, {"model": "admin.logentry", "pk": 22, "fields": {"action_time": "2025-03-07T08:41:50.348Z", "user": 1, "content_type": 7, "object_id": "19", "object_repr": "a", "action_flag": 3, "change_message": ""}}, {"model": "admin.logentry", "pk": 23, "fields": {"action_time": "2025-03-07T08:41:50.348Z", "user": 1, "content_type": 7, "object_id": "24", "object_repr": "a", "action_flag": 3, "change_message": ""}}, {"model": "admin.logentry", "pk": 24, "fields": {"action_time": "2025-03-07T08:41:50.348Z", "user": 1, "content_type": 7, "object_id": "25", "object_repr": "aasdsaasd", "action_flag": 3, "change_message": ""}}, {"model": "admin.logentry", "pk": 25, "fields": {"action_time": "2025-03-07T08:41:50.348Z", "user": 1, "content_type": 7, "object_id": "22", "object_repr": "asdas", "action_flag": 3, "change_message": ""}}, {"model": "admin.logentry", "pk": 26, "fields": {"action_time": "2025-03-07T08:41:50.348Z", "user": 1, "content_type": 7, "object_id": "11", "object_repr": "rEcipe 11", "action_flag": 3, "change_message": ""}}, {"model": "admin.logentry", "pk": 27, "fields": {"action_time": "2025-03-08T09:57:47.218Z", "user": 1, "content_type": 7, "object_id": "12", "object_repr": "Assimilated uniform firmware", "action_flag": 3, "change_message": ""}}, {"model": "admin.logentry", "pk": 28, "fields": {"action_time": "2025-03-08T09:57:47.218Z", "user": 1, "content_type": 7, "object_id": "6", "object_repr": "Automated actuating contingency", "action_flag": 3, "change_message": ""}}, {"model": "admin.logentry", "pk": 29, "fields": {"action_time": "2025-03-08T09:57:47.218Z", "user": 1, "content_type": 7, "object_id": "3", "object_repr": "Balanced tertiary superstructure", "action_flag": 3, "change_message": ""}}, {"model": "admin.logentry", "pk": 30, "fields": {"action_time": "2025-03-08T09:57:47.218Z", "user": 1, "content_type": 7, "object_id": "2", "object_repr": "Digitized 6thgeneration data-warehouse", "action_flag": 3, "change_message": ""}}, {"model": "admin.logentry", "pk": 31, "fields": {"action_time": "2025-03-08T09:57:47.218Z", "user": 1, "content_type": 7, "object_id": "9", "object_repr": "Grass-roots asymmetric secured line", "action_flag": 3, "change_message": ""}}, {"model": "admin.logentry", "pk": 32, "fields": {"action_time": "2025-03-08T09:57:47.218Z", "user": 1, "content_type": 7, "object_id": "10", "object_repr": "Multi-lateral client-server support", "action_flag": 3, "change_message": ""}}, {"model": "admin.logentry", "pk": 33, "fields": {"action_time": "2025-03-08T09:57:47.218Z", "user": 1, "content_type": 7, "object_id": "7", "object_repr": "Networked demand-driven project", "action_flag": 3, "change_message": ""}}, {"model": "admin.logentry", "pk": 34, "fields": {"action_time": "2025-03-08T09:57:47.218Z", "user": 1, "content_type": 7, "object_id": "8", "object_repr": "Organized scalable migration", "action_flag": 3, "change_message": ""}}, {"model": "admin.logentry", "pk": 35, "fields": {"action_time": "2025-03-08T09:57:47.218Z", "user": 1, "content_type": 7, "object_id": "5", "object_repr": "Persevering 4thgeneration intranet", "action_flag": 3, "change_message": ""}}, {"model": "admin.logentry", "pk": 36, "fields": {"action_time": "2025-03-08T09:57:47.218Z", "user": 1, "content_type": 7, "object_id": "11", "object_repr": "Persistent non-volatile success", "action_flag": 3, "change_message": ""}}, {"model": "admin.logentry", "pk": 37, "fields": {"action_time": "2025-03-08T09:57:47.218Z", "user": 1, "content_type": 7, "object_id": "1", "object_repr": "Recipe", "action_flag": 3, "change_message": ""}}, {"model": "admin.logentry", "pk": 38, "fields": {"action_time": "2025-03-08T09:57:47.218Z", "user": 1, "content_type": 7, "object_id": "4", "object_repr": "Reduced executive attitude", "action_flag": 3, "change_message": ""}}, {"model": "admin.logentry", "pk": 39, "fields": {"action_time": "2025-03-08T09:57:47.219Z", "user": 1, "content_type": 7, "object_id": "13", "object_repr": "Team-oriented asynchronous software", "action_flag": 3, "change_message": ""}}, {"model": "admin.logentry", "pk": 40, "fields": {"action_time": "2025-03-09T02:55:42.821Z", "user": 1, "content_type": 4, "object_id": "5", "object_repr": "Low-Carb", "action_flag": 3, "change_message": ""}}, {"model": "admin.logentry", "pk": 41, "fields": {"action_time": "2025-03-09T04:13:04.772Z", "user": 1, "content_type": 7, "object_id": "14", "object_repr": "Recipe 1", "action_flag": 3, "change_message": ""}}, {"model": "admin.logentry", "pk": 42, "fields": {"action_time": "2025-03-09T04:28:53.599Z", "user": 1, "content_type": 1, "object_id": "7", "object_repr": "American", "action_flag": 3, "change_message": ""}}, {"model": "admin.logentry", "pk": 43, "fields": {"action_time": "2025-03-09T04:28:53.599Z", "user": 1, "content_type": 1, "object_id": "1", "object_repr": "Asian", "action_flag": 3, "change_message": ""}}, {"model": "admin.logentry", "pk": 44, "fields": {"action_time": "2025-03-09T04:28:53.599Z", "user": 1, "content_type": 1, "object_id": "3", "object_repr": "Chinese", "action_flag": 3, "change_message": ""}}, {"model": "admin.logentry", "pk": 45, "fields": {"action_time": "2025-03-09T04:28:53.599Z", "user": 1, "content_type": 1, "object_id": "6", "object_repr": "French", "action_flag": 3, "change_message": ""}}, {"model": "admin.logentry", "pk": 46, "fields": {"action_time": "2025-03-09T04:28:53.599Z", "user": 1, "content_type": 1, "object_id": "4", "object_repr": "Indian", "action_flag": 3, "change_message": ""}}, {"model": "admin.logentry", "pk": 47, "fields": {"action_time": "2025-03-09T04:28:53.599Z", "user": 1, "content_type": 1, "object_id": "2", "object_repr": "Italian", "action_flag": 3, "change_message": ""}}, {"model": "admin.logentry", "pk": 48, "fields": {"action_time": "2025-03-09T04:28:53.599Z", "user": 1, "content_type": 1, "object_id": "5", "object_repr": "Mexican", "action_flag": 3, "change_message": ""}}, {"model": "admin.logentry", "pk": 49, "fields": {"action_time": "2025-03-09T04:41:09.649Z", "user": 1, "content_type": 3, "object_id": "1", "object_repr": "Breakfast", "action_flag": 2, "change_message": "[{\"changed\": {\"fields\": [\"Meal order\"]}}]"}}, {"model": "admin.logentry", "pk": 50, "fields": {"action_time": "2025-03-09T04:41:11.986Z", "user": 1, "content_type": 3, "object_id": "3", "object_repr": "Dinner", "action_flag": 2, "change_message": "[{\"changed\": {\"fields\": [\"Meal order\"]}}]"}}, {"model": "admin.logentry", "pk": 51, "fields": {"action_time": "2025-03-09T04:41:14.219Z", "user": 1, "content_type": 3, "object_id": "2", "object_repr": "Lunch", "action_flag": 2, "change_message": "[{\"changed\": {\"fields\": [\"Meal order\"]}}]"}}, {"model": "admin.logentry", "pk": 52, "fields": {"action_time": "2025-03-09T04:42:43.783Z", "user": 1, "content_type": 4, "object_id": "8", "object_repr": "Low-carb", "action_flag": 3, "change_message": ""}}, {"model": "admin.logentry", "pk": 53, "fields": {"action_time": "2025-03-09T05:05:22.439Z", "user": 1, "content_type": 9, "object_id": "77", "object_repr": "4 each of Eggs in Omelette", "action_flag": 1, "change_message": "[{\"added\": {}}]"}}, {"model": "admin.logentry", "pk": 54, "fields": {"action_time": "2025-03-09T05:05:24.616Z", "user": 1, "content_type": 7, "object_id": "1", "object_repr": "Omelette", "action_flag": 2, "change_message": "[{\"changed\": {\"fields\": [\"Ingredients\", \"Meal type\"]}}]"}}, {"model": "admin.logentry", "pk": 55, "fields": {"action_time": "2025-03-09T05:05:46.415Z", "user": 1, "content_type": 7, "object_id": "1", "object_repr": "Omelette", "action_flag": 3, "change_message": ""}}, {"model": "admin.logentry", "pk": 56, "fields": {"action_time": "2025-03-09T07:00:16.115Z", "user": 1, "content_type": 7, "object_id": "4", "object_repr": "3", "action_flag": 3, "change_message": ""}}, {"model": "admin.logentry", "pk": 57, "fields": {"action_time": "2025-03-09T07:00:16.115Z", "user": 1, "content_type": 7, "object_id": "3", "object_repr": "Recipe 2", "action_flag": 3, "change_message": ""}}, {"model": "admin.logentry", "pk": 58, "fields": {"action_time": "2025-03-21T14:39:21.657Z", "user": 1, "content_type": 13, "object_id": "1", "object_repr": "admin", "action_flag": 2, "change_message": "[{\"changed\": {\"fields\": [\"First name\", \"Last name\"]}}]"}}, {"model": "auth.permission", "pk": 1, "fields": {"name": "Can add cuisine", "content_type": 1, "codename": "add_cuisine"}}, {"model": "auth.permission", "pk": 2, "fields": {"name": "Can change cuisine", "content_type": 1, "codename": "change_cuisine"}}, {"model": "auth.permission", "pk": 3, "fields": {"name": "Can delete cuisine", "content_type": 1, "codename": "delete_cuisine"}}, {"model": "auth.permission", "pk": 4, "fields": {"name": "Can view cuisine", "content_type": 1, "codename": "view_cuisine"}}, {"model": "auth.permission", "pk": 5, "fields": {"name": "Can add ingredient", "content_type": 2, "codename": "add_ingredient"}}, {"model": "auth.permission", "pk": 6, "fields": {"name": "Can change ingredient", "content_type": 2, "codename": "change_ingredient"}}, {"model": "auth.permission", "pk": 7, "fields": {"name": "Can delete ingredient", "content_type": 2, "codename": "delete_ingredient"}}, {"model": "auth.permission", "pk": 8, "fields": {"name": "Can view ingredient", "content_type": 2, "codename": "view_ingredient"}}, {"model": "auth.permission", "pk": 9, "fields": {"name": "Can add meal type", "content_type": 3, "codename": "add_mealtype"}}, {"model": "auth.permission", "pk": 10, "fields": {"name": "Can change meal type", "content_type": 3, "codename": "change_mealtype"}}, {"model": "auth.permission", "pk": 11, "fields": {"name": "Can delete meal type", "content_type": 3, "codename": "delete_mealtype"}}, {"model": "auth.permission", "pk": 12, "fields": {"name": "Can view meal type", "content_type": 3, "codename": "view_mealtype"}}, {"model": "auth.permission", "pk": 13, "fields": {"name": "Can add tag", "content_type": 4, "codename": "add_tag"}}, {"model": "auth.permission", "pk": 14, "fields": {"name": "Can change tag", "content_type": 4, "codename": "change_tag"}}, {"model": "auth.permission", "pk": 15, "fields": {"name": "Can delete tag", "content_type": 4, "codename": "delete_tag"}}, {"model": "auth.permission", "pk": 16, "fields": {"name": "Can view tag", "content_type": 4, "codename": "view_tag"}}, {"model": "auth.permission", "pk": 17, "fields": {"name": "Can add unit", "content_type": 5, "codename": "add_unit"}}, {"model": "auth.permission", "pk": 18, "fields": {"name": "Can change unit", "content_type": 5, "codename": "change_unit"}}, {"model": "auth.permission", "pk": 19, "fields": {"name": "Can delete unit", "content_type": 5, "codename": "delete_unit"}}, {"model": "auth.permission", "pk": 20, "fields": {"name": "Can view unit", "content_type": 5, "codename": "view_unit"}}, {"model": "auth.permission", "pk": 21, "fields": {"name": "Can add rating", "content_type": 6, "codename": "add_rating"}}, {"model": "auth.permission", "pk": 22, "fields": {"name": "Can change rating", "content_type": 6, "codename": "change_rating"}}, {"model": "auth.permission", "pk": 23, "fields": {"name": "Can delete rating", "content_type": 6, "codename": "delete_rating"}}, {"model": "auth.permission", "pk": 24, "fields": {"name": "Can view rating", "content_type": 6, "codename": "view_rating"}}, {"model": "auth.permission", "pk": 25, "fields": {"name": "Can add recipe", "content_type": 7, "codename": "add_recipe"}}, {"model": "auth.permission", "pk": 26, "fields": {"name": "Can change recipe", "content_type": 7, "codename": "change_recipe"}}, {"model": "auth.permission", "pk": 27, "fields": {"name": "Can delete recipe", "content_type": 7, "codename": "delete_recipe"}}, {"model": "auth.permission", "pk": 28, "fields": {"name": "Can view recipe", "content_type": 7, "codename": "view_recipe"}}, {"model": "auth.permission", "pk": 29, "fields": {"name": "Can add favourites", "content_type": 8, "codename": "add_favourites"}}, {"model": "auth.permission", "pk": 30, "fields": {"name": "Can change favourites", "content_type": 8, "codename": "change_favourites"}}, {"model": "auth.permission", "pk": 31, "fields": {"name": "Can delete favourites", "content_type": 8, "codename": "delete_favourites"}}, {"model": "auth.permission", "pk": 32, "fields": {"name": "Can view favourites", "content_type": 8, "codename": "view_favourites"}}, {"model": "auth.permission", "pk": 33, "fields": {"name": "Can add recipe ingredient", "content_type": 9, "codename": "add_recipeingredient"}}, {"model": "auth.permission", "pk": 34, "fields": {"name": "Can change recipe ingredient", "content_type": 9, "codename": "change_recipeingredient"}}, {"model": "auth.permission", "pk": 35, "fields": {"name": "Can delete recipe ingredient", "content_type": 9, "codename": "delete_recipeingredient"}}, {"model": "auth.permission", "pk": 36, "fields": {"name": "Can view recipe ingredient", "content_type": 9, "codename": "view_recipeingredient"}}, {"model": "auth.permission", "pk": 37, "fields": {"name": "Can add log entry", "content_type": 10, "codename": "add_logentry"}}, {"model": "auth.permission", "pk": 38, "fields": {"name": "Can change log entry", "content_type": 10, "codename": "change_logentry"}}, {"model": "auth.permission", "pk": 39, "fields": {"name": "Can delete log entry", "content_type": 10, "codename": "delete_logentry"}}, {"model": "auth.permission", "pk": 40, "fields": {"name": "Can view log entry", "content_type": 10, "codename": "view_logentry"}}, {"model": "auth.permission", "pk": 41, "fields": {"name": "Can add permission", "content_type": 11, "codename": "add_permission"}}, {"model": "auth.permission", "pk": 42, "fields": {"name": "Can change permission", "content_type": 11, "codename": "change_permission"}}, {"model": "auth.permission", "pk": 43, "fields": {"name": "Can delete permission", "content_type": 11, "codename": "delete_permission"}}, {"model": "auth.permission", "pk": 44, "fields": {"name": "Can view permission", "content_type": 11, "codename": "view_permission"}}, {"model": "auth.permission", "pk": 45, "fields": {"name": "Can add group", "content_type": 12, "codename": "add_group"}}, {"model": "auth.permission", "pk": 46, "fields": {"name": "Can change group", "content_type": 12, "codename": "change_group"}}, {"model": "auth.permission", "pk": 47, "fields": {"name": "Can delete group", "content_type": 12, "codename": "delete_group"}}, {"model": "auth.permission", "pk": 48, "fields": {"name": "Can view group", "content_type": 12, "codename": "view_group"}}, {"model": "auth.permission", "pk": 49, "fields": {"name": "Can add user", "content_type": 13, "codename": "add_user"}}, {"model": "auth.permission", "pk": 50, "fields": {"name": "Can change user", "content_type": 13, "codename": "change_user"}}, {"model": "auth.permission", "pk": 51, "fields": {"name": "Can delete user", "content_type": 13, "codename": "delete_user"}}, {"model": "auth.permission", "pk": 52, "fields": {"name": "Can view user", "content_type": 13, "codename": "view_user"}}, {"model": "auth.permission", "pk": 53, "fields": {"name": "Can add content type", "content_type": 14, "codename": "add_contenttype"}}, {"model": "auth.permission", "pk": 54, "fields": {"name": "Can change content type", "content_type": 14, "codename": "change_contenttype"}}, {"model": "auth.permission", "pk": 55, "fields": {"name": "Can delete content type", "content_type": 14, "codename": "delete_contenttype"}}, {"model": "auth.permission", "pk": 56, "fields": {"name": "Can view content type", "content_type": 14, "codename": "view_contenttype"}}, {"model": "auth.permission", "pk": 57, "fields": {"name": "Can add session", "content_type": 15, "codename": "add_session"}}, {"model": "auth.permission", "pk": 58, "fields": {"name": "Can change session", "content_type": 15, "codename": "change_session"}}, {"model": "auth.permission", "pk": 59, "fields": {"name": "Can delete session", "content_type": 15, "codename": "delete_session"}}, {"model": "auth.permission", "pk": 60, "fields": {"name": "Can view session", "content_type": 15, "codename": "view_session"}}, {"model": "auth.user", "pk": 1, "fields": {"password": "pbkdf2_sha256$870000$3G6j3grIzPAjCc7gr4K45D$TGtbp0DvyS5wH25lRdolGc2CkvwHDJa7QZHF8x369v0=", "last_login": "2025-03-18T08:33:30Z", "is_superuser": true, "username": "admin", "first_name": "Rosa", "last_name": "Kosol", "email": "kosolrosa@gmail.com", "is_staff": true, "is_active": true, "date_joined": "2025-03-02T07:34:38Z", "groups": [], "user_permissions": []}}, {"model": "auth.user", "pk": 2, "fields": {"password": "", "last_login": null, "is_superuser": false, "username": "testuser", "first_name": "Test", "last_name": "User", "email": "testuser@example.com", "is_staff": false, "is_active": true, "date_joined": "2025-03-07T08:53:53.767Z", "groups": [], "user_permissions": []}}, {"model": "contenttypes.contenttype", "pk": 1, "fields": {"app_label": "app", "model": "cuisine"}}, {"model": "contenttypes.contenttype", "pk": 2, "fields": {"app_label": "app", "model": "ingredient"}}, {"model": "contenttypes.contenttype", "pk": 3, "fields": {"app_label": "app", "model": "mealtype"}}, {"model": "contenttypes.contenttype", "pk": 4, "fields": {"app_label": "app", "model": "tag"}}, {"model": "contenttypes.contenttype", "pk": 5, "fields": {"app_label": "app", "model": "unit"}}, {"model": "contenttypes.contenttype", "pk": 6, "fields": {"app_label": "app", "model": "rating"}}, {"model": "contenttypes.contenttype", "pk": 7, "fields": {"app_label": "app", "model": "recipe"}}, {"model": "contenttypes.contenttype", "pk": 8, "fields": {"app_label": "app", "model": "favourites"}}, {"model": "contenttypes.contenttype", "pk": 9, "fields": {"app_label": "app", "model": "recipeingredient"}}, {"model": "contenttypes.contenttype", "pk": 10, "fields": {"app_label": "admin", "model": "logentry"}}, {"model": "contenttypes.contenttype", "pk": 11, "fields": {"app_label": "auth", "model": "permission"}}, {"model": "contenttypes.contenttype", "pk": 12, "fields": {"app_label": "auth", "model": "group"}}, {"model": "contenttypes.contenttype", "pk": 13, "fields": {"app_label": "auth", "model": "user"}}, {"model": "contenttypes.contenttype", "pk": 14, "fields": {"app_label": "contenttypes", "model": "contenttype"}}, {"model": "contenttypes.contenttype", "pk": 15, "fields": {"app_label": "sessions", "model": "session"}}, {"model": "sessions.session", "pk": "0xsegq59vz95vxypang36cvoman57rm7", "fields": {"session_data": ".eJxVjEEOwiAQRe_C2hAGkY4u3fcMZAYGqRpISrsy3l2bdKHb_977LxVoXUpYu8xhSuqiQB1-N6b4kLqBdKd6azq2uswT603RO-16bEme1939OyjUy7emfDLI4tEOkcE4TOyMPeMxDmiIEkSAbAm8JyfZMObohQQYrfdOSL0_5u44TA:1tuSOA:5f7eE1uHTrHjEaMMOZiit-Hx-i3BoFwlevFasNCR5TI", "expire_date": "2025-04-01T08:33:30.919Z"}}, {"model": "sessions.session", "pk": "i6rggxm4zrja11v1ui01ukh88batz2rb", "fields": {"session_data": ".eJxVjEEOwiAQRe_C2hAGkY4u3fcMZAYGqRpISrsy3l2bdKHb_977LxVoXUpYu8xhSuqiQB1-N6b4kLqBdKd6azq2uswT603RO-16bEme1939OyjUy7emfDLI4tEOkcE4TOyMPeMxDmiIEkSAbAm8JyfZMObohQQYrfdOSL0_5u44TA:1trBTg:dzIVcu59eKIPLliA3mOHnAyjtDkyvV3qLPfszAsGhgA", "expire_date": "2025-03-23T07:53:40.353Z"}}, {"model": "sessions.session", "pk": "sp1dksvvvdffb5ipdjpd5uecz9xs5t6d", "fields": {"session_data": ".eJxVjEEOwiAQRe_C2hAGkY4u3fcMZAYGqRpISrsy3l2bdKHb_977LxVoXUpYu8xhSuqiQB1-N6b4kLqBdKd6azq2uswT603RO-16bEme1939OyjUy7emfDLI4tEOkcE4TOyMPeMxDmiIEkSAbAm8JyfZMObohQQYrfdOSL0_5u44TA:1todqX:r2bLU4BfdtUgOCjx5GJSaaf2WjbVJbapbA2PecwzGrs", "expire_date": "2025-03-16T07:34:45.990Z"}}]